2025-09-26 10:08:51,Adidas,blue,"[1001, 825, 977, 857, 1213, 496, 987, 846]","(1130, 624, 57, 293)"
2025-09-26 10:08:51,Amazon,blue,"[874, 1027, 877, 1026, 875, 1027, 874, 1027]","(1130, 624, 57, 293)"
2025-09-26 10:08:51,Adidas,blue,"[1142, 342, 1320, 639, 1739, 678, 2439, -372]","(1131, 363, 572, 404)"
2025-09-26 10:08:51,Amazon,blue,"[858, 258, 1570, 591, 1767, 748, 1507, 598]","(1131, 363, 572, 404)"
2025-09-26 10:08:51,Adidas,blue,"[1318, 422, 1274, 625, 1699, 624, 1696, 394]","(1190, 194, 160, 116)"
2025-09-26 10:08:51,Amazon,blue,"[942, 404, 950, 410, 1092, 457, 961, 412]","(1190, 194, 160, 116)"
2025-09-26 10:08:52,Adidas,blue,"[1241, 328, 1281, 580, 1671, 588, 1729, 316]","(1433, 94, 391, 88)"
2025-09-26 10:08:52,Amazon,blue,"[1065, 450, 1065, 450, 1065, 449, 1066, 453]","(1433, 94, 391, 88)"
2025-09-26 10:08:52,Adidas,blue,"[1271, 358, 1224, 563, 1644, 565, 1624, 360]","(1218, 106, 226, 158)"
2025-09-26 10:08:52,Amazon,blue,"[944, 120, 945, 115, 945, 118, 945, 116]","(1218, 106, 226, 158)"
2025-09-26 10:08:52,Adidas,blue,"[1215, 304, 1230, 547, 1615, 549, 1647, 295]","(1196, 98, 583, 162)"
2025-09-26 10:08:52,Amazon,blue,"[1327, 556, 1322, 537, 1322, 534, 1321, 534]","(1196, 98, 583, 162)"
2025-09-26 10:08:52,Adidas,blue,"[1181, 312, 1213, 552, 1589, 557, 1623, 285]","(1682, 391, 74, 184)"
2025-09-26 10:08:52,Amazon,blue,"[1017, 430, 1016, 430, 1017, 430, 1017, 430]","(1682, 391, 74, 184)"
2025-09-26 10:08:53,Adidas,blue,"[1223, 383, 1162, 577, 1583, 575, 1553, 383]","(1668, 404, 82, 196)"
2025-09-26 10:08:53,Amazon,blue,"[1446, 581, 1446, 581, 1446, 581, 1446, 581]","(1668, 404, 82, 196)"
2025-09-26 10:08:53,Adidas,blue,"[1182, 356, 1174, 593, 1561, 591, 1580, 347]","(1105, 646, 502, 117)"
2025-09-26 10:08:53,Amazon,blue,"[900, 243, 898, 241, 889, 225, 900, 242]","(1105, 646, 502, 117)"
2025-09-26 10:08:53,Adidas,blue,"[1154, 376, 1176, 610, 1551, 616, 1576, 359]","(1076, 666, 535, 108)"
2025-09-26 10:08:53,Amazon,blue,"[916, 390, 984, 404, 1149, 432, 935, 397]","(1076, 666, 535, 108)"
2025-09-26 10:08:53,Adidas,blue,"[1172, 375, 1170, 599, 1552, 597, 1565, 364]","(1150, 156, 304, 151)"
2025-09-26 10:08:53,Amazon,blue,"[3075, 2472, 1184, 625, 963, 12, 1191, 621]","(1150, 156, 304, 151)"
2025-09-26 10:08:53,Adidas,blue,"[1143, 344, 1195, 596, 1559, 596, 1645, 310]","(1078, 528, 507, 239)"
2025-09-26 10:08:53,Amazon,blue,"[1195, 606, 1207, 602, 1206, 603, 1207, 602]","(1078, 528, 507, 239)"
2025-09-26 10:08:54,Adidas,blue,"[2207, 1005, 1376, 655, 1645, 732, 1466, 764]","(1432, 171, 363, 100)"
2025-09-26 10:08:54,Adidas,,"[1110, 141, 1260, 550, 930, 427, 1656, -41]",
2025-09-26 10:08:54,Amazon,,"[1356, 1061, 1356, 1061, 1355, 1061, 1355, 1059]",
2025-09-26 10:08:54,Adidas,,"[621, 576, 621, 576, 621, 576, 621, 576]",
2025-09-26 10:08:54,Amazon,,"[1142, 984, 1143, 986, 1143, 985, 1143, 985]",
2025-09-26 10:08:54,Amazon,,"[715, 972, 710, 974, 705, 988, 715, 964]",
2025-09-26 10:08:54,Amazon,,"[977, 395, 956, 368, 1019, 379, 1060, 839]",
2025-09-26 10:08:55,Adidas,,"[1021, 870, 1012, 904, 972, 852, 1013, 890]",
2025-09-26 10:08:55,Amazon,,"[1014, 886, 1013, 889, 1016, 879, 1014, 886]",
2025-09-26 10:08:55,Amazon,blue,"[1109, 771, 1142, 799, 1141, 798, 1142, 799]","(1239, 588, 318, 224)"
2025-09-26 10:08:55,Amazon,blue,"[1114, 522, 1113, 513, 1113, 517, 1145, 649]","(1264, 198, 407, 275)"
2025-09-26 10:08:55,Nike,blue,"[1159, 66, 1249, 587, 1856, 516, 1867, -32]","(1264, 198, 407, 275)"
2025-09-26 10:08:56,Amazon,blue,"[1031, 26, 1039, 14, 1028, 21, 1003, 10]","(1253, 274, 332, 115)"
2025-09-26 10:08:56,Nike,blue,"[1156, -53, 1229, 524, 1826, 468, 1899, -107]","(1253, 274, 332, 115)"
2025-09-26 10:08:56,Adidas,blue,"[1208, 507, 1208, 507, 1208, 507, 1208, 507]","(1237, 726, 214, 71)"
2025-09-26 10:08:56,Amazon,blue,"[1064, 311, 1071, 309, 1067, 310, 1068, 309]","(1237, 726, 214, 71)"
2025-09-26 10:08:56,Nike,blue,"[1167, -26, 1207, 577, 1854, 505, 1878, -72]","(1237, 726, 214, 71)"
2025-09-26 10:08:56,Amazon,blue,"[1058, 278, 1057, 277, 1058, 279, 1057, 277]","(1223, 729, 300, 79)"
2025-09-26 10:08:56,Nike,blue,"[1161, -18, 1200, 558, 1830, 512, 1864, -77]","(1223, 729, 300, 79)"
2025-09-26 10:08:56,Amazon,blue,"[1043, 239, 1045, 238, 1044, 239, 994, 1231]","(1212, 728, 300, 83)"
2025-09-26 10:08:56,Nike,blue,"[1157, -3, 1173, 588, 1814, 531, 1827, -45]","(1212, 728, 300, 83)"
2025-09-26 10:08:56,Amazon,blue,"[1088, 401, 1088, 399, 1088, 401, 1087, 398]","(1214, 752, 443, 79)"
2025-09-26 10:08:56,Nike,blue,"[1152, -1, 1194, 576, 1807, 535, 1866, -45]","(1214, 752, 443, 79)"
2025-09-26 10:08:57,Adidas,blue,"[1560, 302, 1621, 293, 1692, 243, 1785, 263]","(1209, 758, 524, 97)"
2025-09-26 10:08:57,Amazon,blue,"[1188, 392, 1600, 372, 2272, 266, 1614, 433]","(1209, 758, 524, 97)"
2025-09-26 10:08:57,Nike,blue,"[1142, 14, 1181, 601, 1802, 547, 1849, -11]","(1209, 758, 524, 97)"
2025-09-26 10:08:57,Amazon,blue,"[1084, 400, 1077, 381, 1075, 372, 1078, 385]","(1213, 778, 539, 98)"
2025-09-26 10:08:57,Nike,blue,"[1145, 32, 1199, 606, 1812, 566, 1876, 0]","(1213, 778, 539, 98)"
2025-09-26 10:08:57,Adidas,blue,"[1308, 375, 1307, 376, 1272, 341, 1310, 377]","(1219, 790, 552, 99)"
2025-09-26 10:08:57,Amazon,blue,"[1100, 558, 1100, 556, 1100, 559, 1091, 481]","(1219, 790, 552, 99)"
2025-09-26 10:08:57,Nike,blue,"[1163, 38, 1192, 628, 1825, 585, 1883, 21]","(1219, 790, 552, 99)"
2025-09-26 10:08:57,Amazon,blue,"[1098, 413, 1098, 443, 1099, 413, 1093, 393]","(1224, 796, 560, 96)"
2025-09-26 10:08:57,Nike,blue,"[1154, 36, 1217, 613, 1819, 582, 1916, 8]","(1224, 796, 560, 96)"
2025-09-26 10:08:57,Adidas,blue,"[1487, 392, 1281, 397, 2449, 389, 1435, 393]","(1227, 805, 506, 100)"
2025-09-26 10:08:57,Amazon,blue,"[1039, 38, 1038, 47, 1039, 39, 1039, 39]","(1227, 805, 506, 100)"
2025-09-26 10:08:57,Nike,blue,"[1181, 60, 1202, 648, 1845, 620, 1903, 42]","(1227, 805, 506, 100)"
2025-09-26 10:08:58,Amazon,blue,"[1105, 414, 1103, 429, 1109, 407, 1105, 424]","(1228, 807, 538, 93)"
2025-09-26 10:08:58,Nike,blue,"[1220, 70, 1177, 676, 1879, 670, 1889, 54]","(1228, 807, 538, 93)"
2025-09-26 10:08:58,Adidas,blue,"[1243, 332, 480, 853, 1131, 655, 1037, 489]","(1223, 798, 570, 101)"
2025-09-26 10:08:58,Amazon,blue,"[1591, 326, 1591, 326, 1591, 326, 1591, 325]","(1223, 798, 570, 101)"
2025-09-26 10:08:58,Nike,blue,"[1163, 47, 1179, 660, 1836, 613, 1868, 49]","(1223, 798, 570, 101)"
2025-09-26 10:08:58,Amazon,blue,"[1083, 403, 1083, 403, 1083, 404, 1083, 404]","(1135, 724, 435, 105)"
2025-09-26 10:08:58,Nike,blue,"[1122, 98, 1122, 578, 1618, 585, 1697, 104]","(1135, 724, 435, 105)"
2025-09-26 10:08:58,Amazon,,"[1322, 677, 1826, 981, 1399, 696, 1414, 772]",
2025-09-26 10:08:58,Amazon,,"[1096, 540, 1096, 541, 1096, 540, 1096, 542]",
2025-09-26 10:08:59,Amazon,,"[669, 981, 739, 929, 689, 965, 667, 980]",
2025-09-26 10:08:59,Amazon,,"[1020, 413, 1020, 413, 1020, 413, 1020, 413]",
2025-09-26 10:08:59,Amazon,,"[706, 974, 706, 974, 706, 974, 706, 974]",
2025-09-26 10:08:59,Amazon,,"[1135, 554, 1135, 553, 1135, 554, 1135, 553]",
2025-09-26 10:09:00,Amazon,,"[741, 692, 740, 692, 741, 692, 740, 692]",
2025-09-26 10:09:00,Amazon,,"[680, 909, 628, 1035, 721, 919, 700, 958]",
2025-09-26 10:09:00,Amazon,,"[1081, 445, 1016, 394, 1071, 459, 1132, 548]",
2025-09-26 10:09:00,Adidas,,"[54, 1065, 420, 617, 1291, 1060, -275, 505]",
2025-09-26 10:09:00,Amazon,,"[1003, 866, 1035, 898, 983, 831, 1022, 877]",
2025-09-26 10:09:01,Amazon,,"[963, 1048, 937, 1084, 967, 1031, 972, 1020]",
2025-09-26 10:09:01,Adidas,,"[1409, 828, 1454, 798, 1425, 804, 1461, 779]",
2025-09-26 10:09:01,Amazon,,"[939, 1019, 935, 1022, 942, 1019, 930, 1022]",
2025-09-26 10:09:01,Amazon,,"[883, 461, 883, 461, 883, 461, 883, 461]",
2025-09-26 10:09:01,Zepto,,"[1035, 356, 1075, 778, 1501, 776, 1474, 328]",
2025-09-26 10:09:01,Adidas,,"[726, 384, 726, 384, 726, 384, 726, 384]",
2025-09-26 10:09:01,Amazon,,"[837, 321, 840, 324, 860, 344, 839, 325]",
2025-09-26 10:09:01,Zepto,,"[1001, 239, 1062, 656, 1441, 659, 1494, 205]",
2025-09-26 10:09:01,Adidas,,"[1222, 513, 412, 72, 1724, 728, 1096, 446]",
2025-09-26 10:09:01,Amazon,,"[1571, 924, 1686, 613, 1718, 283, 1727, 1049]",
2025-09-26 10:09:01,Zepto,,"[1015, 257, 1063, 671, 1456, 682, 1504, 225]",
2025-09-26 10:09:01,Adidas,,"[496, -246, 886, 73, 780, 183, 1414, 1269]",
2025-09-26 10:09:01,Amazon,,"[823, 201, 821, 202, 822, 202, 821, 203]",
2025-09-26 10:09:01,Zepto,,"[1019, 276, 1043, 682, 1452, 699, 1481, 244]",
2025-09-26 10:09:02,Zepto,,"[970, 245, 1021, 649, 1400, 652, 1437, 218]",
2025-09-26 10:09:02,Adidas,,"[791, 281, 789, 272, 792, 283, 792, 284]",
2025-09-26 10:09:02,Amazon,,"[793, 283, 793, 283, 793, 283, 792, 282]",
2025-09-26 10:09:02,Zepto,,"[975, 254, 1021, 654, 1404, 663, 1441, 222]",
2025-09-26 10:09:02,Adidas,,"[487, 463, 558, 534, 506, 485, 551, 527]",
2025-09-26 10:09:02,Amazon,,"[555, 547, 534, 560, 564, 536, 559, 539]",
2025-09-26 10:09:02,Zepto,,"[972, 257, 1007, 657, 1400, 666, 1424, 229]",
2025-09-26 10:09:02,Amazon,,"[783, 270, 782, 267, 782, 268, 782, 268]",
2025-09-26 10:09:02,Zepto,,"[970, 264, 1013, 666, 1403, 667, 1422, 233]",
2025-09-26 10:09:03,Adidas,,"[791, 301, 791, 300, 774, 314, 792, 300]",
2025-09-26 10:09:03,Amazon,,"[806, 324, 806, 326, 833, 348, 807, 326]",
2025-09-26 10:09:03,Zepto,,"[972, 261, 1010, 662, 1405, 660, 1411, 229]",
2025-09-26 10:09:03,Adidas,,"[834, -628, 113, 163, -58471, -59149, 16749, 12109]",
2025-09-26 10:09:03,Amazon,,"[1210, 469, 1190, 464, 1211, 469, 1206, 468]",
2025-09-26 10:09:03,Zepto,,"[972, 270, 1003, 668, 1400, 666, 1407, 233]",
2025-09-26 10:09:03,Amazon,,"[766, 380, 767, 381, 772, 387, 767, 381]",
2025-09-26 10:09:03,Zepto,,"[961, 261, 1006, 660, 1392, 652, 1408, 225]",
2025-09-26 10:09:03,Zepto,,"[967, 270, 1017, 662, 1391, 653, 1407, 238]",
2025-09-26 10:09:03,Amazon,,"[1068, 536, 1068, 536, 1068, 536, 1068, 536]",
2025-09-26 10:09:04,Adidas,,"[689, 748, 746, 972, 966, 1055, 768, 891]",
2025-09-26 10:09:04,Amazon,,"[920, 1027, 920, 1025, 919, 1026, 921, 1027]",
2025-09-26 10:09:04,Amazon,,"[1133, 970, 1134, 970, 1133, 970, 1133, 970]",
2025-09-26 10:09:04,Amazon,,"[1012, 878, 1015, 868, 1012, 878, 1013, 873]",
2025-09-26 10:09:04,Amazon,,"[999, 928, 1001, 924, 1001, 925, 1001, 924]",
2025-09-26 10:09:04,Amazon,,"[2426, 1275, 665, 967, 636, 839, 587, 1083]",
2025-09-26 10:09:05,Adidas,,"[1017, 887, 1031, 825, 1018, 875, 1034, 826]",
2025-09-26 10:09:05,Amazon,,"[1014, 886, 1015, 887, 1005, 899, 1007, 402]",
2025-09-26 10:09:05,Adidas,,"[928, 685, 421, 632, 816, 176, 1184, 761]",
2025-09-26 10:09:05,Amazon,,"[1030, 778, 1056, 739, 1063, 733, 1055, 738]",
2025-09-26 10:09:05,Amazon,,"[1106, 979, 1104, 989, 1106, 981, 1106, 981]",
2025-09-26 10:09:05,Amazon,,"[1696, 672, 1699, 671, 1700, 671, 1698, 671]",
2025-09-26 10:09:05,Amazon,blue,"[1723, 679, 1485, 656, 1512, 659, 1410, 649]","(1030, 736, 251, 33)"
2025-09-26 10:09:06,Adidas,blue,"[792, 280, 785, 226, 792, 280, 792, 280]","(969, 628, 378, 63)"
2025-09-26 10:09:06,Amazon,blue,"[986, 464, 989, 593, 1444, 586, 1445, 448]","(969, 628, 378, 63)"
2025-09-26 10:09:06,Adidas,blue,"[1662, 61, 1612, 134, 1618, 85, 1659, 77]","(951, 649, 426, 81)"
2025-09-26 10:09:06,Amazon,blue,"[949, 492, 955, 626, 1418, 613, 1418, 473]","(951, 649, 426, 81)"
2025-09-26 10:09:06,Adidas,blue,"[1241, 533, 1238, 536, 1109, 585, 1242, 534]","(934, 655, 441, 95)"
2025-09-26 10:09:06,Amazon,blue,"[942, 492, 949, 621, 1402, 619, 1408, 483]","(934, 655, 441, 95)"
2025-09-26 10:09:06,Amazon,blue,"[933, 485, 939, 614, 1388, 614, 1392, 477]","(926, 647, 398, 99)"
2025-09-26 10:09:06,Amazon,blue,"[932, 470, 939, 598, 1383, 596, 1388, 460]","(958, 632, 397, 105)"
2025-09-26 10:09:07,Adidas,blue,"[1119, 587, 1117, 587, 1117, 589, 1118, 587]","(1004, 616, 375, 97)"
2025-09-26 10:09:07,Amazon,blue,"[945, 457, 954, 587, 1398, 581, 1405, 441]","(1004, 616, 375, 97)"
2025-09-26 10:09:07,Adidas,blue,"[1162, 509, 1216, 513, 1199, 510, 1230, 513]","(956, 616, 405, 93)"
2025-09-26 10:09:07,Amazon,blue,"[956, 452, 963, 577, 1414, 572, 1410, 439]","(956, 616, 405, 93)"
2025-09-26 10:09:07,Adidas,blue,"[401, -1402, 651, -488, 1123, 18, 337, -1184]","(944, 627, 441, 86)"
2025-09-26 10:09:07,Amazon,blue,"[942, 468, 948, 597, 1396, 589, 1399, 452]","(944, 627, 441, 86)"
2025-09-26 10:09:07,Adidas,blue,"[1099, 493, 1108, 494, 1066, 465, 1107, 492]","(928, 634, 435, 95)"
2025-09-26 10:09:07,Amazon,blue,"[920, 474, 928, 603, 1374, 596, 1376, 462]","(928, 634, 435, 95)"
2025-09-26 10:09:07,Amazon,blue,"[919, 473, 926, 602, 1370, 597, 1374, 460]","(947, 637, 404, 89)"
2025-09-26 10:09:08,Amazon,blue,"[956, 483, 966, 605, 1395, 594, 1399, 463]","(950, 634, 435, 97)"
2025-09-26 10:09:08,Amazon,,"[905, 386, 949, 428, 1054, 526, 928, 410]",
2025-09-26 10:09:08,Amazon,,"[1099, 600, 1044, 497, 1120, 604, 1044, 517]",
2025-09-26 10:09:08,Amazon,,"[996, 867, 997, 866, 996, 867, 997, 866]",
2025-09-26 10:09:08,Amazon,,"[1016, 874, 1016, 873, 1016, 873, 1016, 873]",
2025-09-26 10:09:09,Amazon,,"[951, 1033, 977, 935, 955, 1018, 957, 1012]",
2025-09-26 10:09:09,Amazon,,"[1189, 996, 1188, 996, 1188, 996, 1188, 996]",
2025-09-26 10:09:09,Amazon,,"[355, -284, 908, 155, 863, 318, 992, 413]",
2025-09-26 10:12:57,Adidas,blue,"[977, 173, 998, 342, 1241, 349, 1271, 166]","(926, 386, 239, 47)"
2025-09-26 10:12:57,Adidas,blue,"[986, 178, 981, 341, 1235, 345, 1248, 181]","(916, 381, 287, 78)"
2025-09-26 10:12:57,Adidas,blue,"[957, 168, 984, 340, 1226, 346, 1244, 167]","(912, 385, 287, 80)"
2025-09-26 10:12:58,Adidas,blue,"[1002, 206, 965, 349, 1242, 352, 1219, 208]","(912, 390, 295, 91)"
2025-09-26 10:12:58,Adidas,blue,"[972, 178, 988, 346, 1233, 352, 1247, 175]","(916, 394, 309, 81)"
2025-09-26 10:12:58,Adidas,blue,"[1002, 203, 979, 350, 1240, 355, 1238, 209]","(919, 389, 291, 88)"
2025-09-26 10:12:58,Adidas,blue,"[1004, 202, 987, 348, 1244, 355, 1252, 206]","(924, 386, 305, 90)"
2025-09-26 10:12:58,Adidas,blue,"[1002, 204, 987, 352, 1245, 358, 1254, 210]","(926, 392, 291, 81)"
2025-09-26 10:12:58,Adidas,blue,"[1015, 209, 973, 354, 1251, 359, 1225, 219]","(927, 392, 302, 85)"
2025-09-26 10:12:59,Adidas,blue,"[983, 185, 997, 346, 1242, 354, 1261, 184]","(924, 390, 295, 82)"
2025-09-26 10:12:59,Adidas,blue,"[985, 177, 995, 342, 1241, 347, 1259, 176]","(924, 383, 296, 90)"
2025-09-26 10:12:59,Adidas,blue,"[981, 179, 993, 342, 1239, 349, 1255, 177]","(922, 383, 288, 88)"
2025-09-26 10:12:59,Amazon,blue,"[1368, 922, 1386, 985, 1383, 938, 1317, 932]","(1149, 0, 164, 119)"
2025-09-26 10:13:00,Adidas,,"[625, -977, 1576, 1488, 664, 530, -5326, -12169]",
2025-09-26 10:13:00,Amazon,,"[1377, 1049, 1392, 1059, 1388, 1052, 1380, 1055]",
2025-09-26 10:13:00,Adidas,,"[1051, 896, 853, 940, 1083, 972, 1078, 883]",
2025-09-26 10:13:00,Amazon,,"[1018, 842, 1018, 842, 1017, 842, 1018, 842]",
2025-09-26 10:13:00,Amazon,,"[1014, 861, 1014, 862, 1010, 857, 1015, 862]",
2025-09-26 10:15:13,Amazon,,"[1226, 824, 1226, 824, 1222, 826, 1225, 824]",
2025-09-26 10:15:14,Amazon,blue,"[831, 944, 832, 943, 830, 945, 831, 943]","(1135, 71, 159, 78)"
2025-09-26 10:15:14,Adidas,blue,"[1115, 435, 1092, 595, 1389, 612, 1383, 443]","(1055, 140, 143, 84)"
2025-09-26 10:15:14,Adidas,blue,"[1172, 325, 1174, 510, 1467, 523, 1481, 326]","(1226, 210, 354, 91)"
2025-09-26 10:15:14,Amazon,blue,"[996, 379, 996, 379, 996, 379, 996, 379]","(1068, 536, 351, 70)"
2025-09-26 10:15:14,Adidas,blue,"[1131, 311, 1132, 492, 1421, 507, 1442, 312]","(1105, 185, 440, 103)"
2025-09-26 10:15:15,Amazon,blue,"[1307, 503, 1305, 502, 1307, 503, 1306, 502]","(1030, 497, 363, 119)"
2025-09-26 10:15:15,Adidas,blue,"[1133, 343, 1111, 501, 1415, 522, 1419, 345]","(1169, 208, 354, 86)"
2025-09-26 10:15:15,Adidas,blue,"[1121, 319, 1117, 500, 1405, 515, 1429, 325]","(1136, 172, 395, 113)"
2025-09-26 10:15:15,Adidas,blue,"[1068, 291, 1132, 496, 1402, 515, 1470, 288]","(1133, 179, 391, 126)"
2025-09-26 10:15:15,Adidas,blue,"[1124, 317, 1119, 498, 1408, 517, 1420, 324]","(1076, 166, 452, 128)"
2025-09-26 10:15:16,Adidas,blue,"[1151, 334, 1101, 504, 1414, 515, 1400, 343]","(1042, 534, 360, 91)"
2025-09-26 10:15:16,Adidas,blue,"[1134, 341, 1115, 499, 1415, 517, 1415, 353]","(1144, 205, 406, 91)"
2025-09-26 10:15:16,Adidas,blue,"[1142, 337, 1109, 496, 1410, 513, 1401, 355]","(1122, 202, 405, 87)"
2025-09-26 10:15:16,Adidas,blue,"[1114, 305, 1123, 496, 1408, 513, 1436, 315]","(1123, 201, 408, 91)"
2025-09-26 10:15:16,Adidas,blue,"[1130, 330, 1115, 498, 1408, 517, 1416, 340]","(1126, 210, 404, 83)"
2025-09-26 10:15:17,Adidas,blue,"[1137, 351, 1119, 519, 1407, 522, 1395, 343]","(1056, 563, 325, 70)"
2025-09-26 10:15:17,Amazon,,"[984, 544, 1024, 507, 930, 450, 1004, 470]",
2025-09-26 10:15:17,Amazon,,"[1042, 967, 1487, 1043, -1048, 638, 6544, 2240]",
2025-09-26 10:15:17,Amazon,,"[1009, 915, 983, 914, 1009, 914, 945, 896]",
2025-09-26 10:15:18,Amazon,,"[945, 1035, 944, 1034, 946, 1035, 933, 1036]",
2025-09-26 10:15:18,Amazon,,"[1199, 930, 1310, 1061, 988, 685, 1217, 961]",
2025-09-26 10:15:18,Amazon,,"[1000, 899, 1022, 1065, 961, 776, 979, 930]",
2025-09-26 10:15:18,Amazon,blue,"[595, 549, 673, 787, 636, 559, 681, 609]","(1084, 976, 187, 77)"
2025-09-26 10:15:18,Amazon,blue,"[1107, 520, 1107, 520, 1107, 520, 1107, 520]","(1100, 409, 301, 199)"
2025-09-26 10:15:19,Amazon,blue,"[982, 271, 981, 268, 982, 271, 981, 271]","(1330, 0, 266, 171)"
2025-09-26 10:15:19,Nike,blue,"[1112, 222, 1111, 685, 1615, 700, 1666, 246]","(1145, 809, 368, 84)"
2025-09-26 10:15:19,Nike,blue,"[1106, 220, 1109, 690, 1605, 690, 1661, 247]","(1140, 811, 379, 88)"
2025-09-26 10:15:19,Nike,blue,"[1108, 212, 1115, 687, 1604, 685, 1666, 245]","(1142, 815, 464, 117)"
2025-09-26 10:15:19,Amazon,blue,"[1008, 189, 1008, 190, 1007, 187, 1010, 200]","(1148, 808, 346, 93)"
2025-09-26 10:15:20,Nike,blue,"[1132, 232, 1102, 693, 1629, 713, 1681, 270]","(1146, 824, 348, 89)"
2025-09-26 10:15:20,Nike,blue,"[1119, 229, 1133, 681, 1616, 703, 1688, 257]","(1144, 818, 402, 100)"
2025-09-26 10:15:20,Amazon,blue,"[1011, 190, 1018, 185, 1013, 188, 1025, 183]","(1143, 835, 354, 89)"
2025-09-26 10:15:20,Amazon,blue,"[1117, 587, 1116, 587, 1120, 594, 1115, 586]","(1158, 836, 405, 85)"
2025-09-26 10:15:21,Amazon,blue,"[1671, 493, 1670, 493, 1671, 493, 1667, 493]","(1157, 849, 401, 70)"
2025-09-26 10:15:21,Nike,blue,"[1138, 232, 1143, 684, 1628, 711, 1713, 268]","(1154, 830, 384, 93)"
2025-09-26 10:15:21,Amazon,blue,"[1078, 499, 1077, 499, 1078, 499, 1078, 499]","(1157, 828, 423, 77)"
2025-09-26 10:15:21,Nike,blue,"[1128, 233, 1150, 668, 1607, 696, 1711, 255]","(1157, 828, 373, 87)"
2025-09-26 10:15:22,Amazon,,"[578, 620, 578, 620, 578, 620, 578, 620]",
2025-09-26 10:15:22,Amazon,,"[5957, 8075, 756, 2558, 1075, 656, 1070, 546]",
2025-09-26 10:15:22,Amazon,,"[1375, 1065, 1378, 1067, 1351, 1051, 1397, 1078]",
2025-09-26 10:15:22,Amazon,,"[773, 700, 912, 1035, 930, 1047, 909, 1049]",
2025-09-26 10:15:22,Amazon,blue,"[955, 1012, 955, 1012, 955, 1012, 955, 1012]","(1363, 856, 264, 224)"
2025-09-26 10:15:23,Zepto,,"[1354, 488, 1343, 940, 1823, 1020, 1956, 537]",
2025-09-26 10:15:23,Zepto,,"[1372, 405, 1358, 864, 1838, 934, 1965, 448]",
2025-09-26 10:15:23,Amazon,,"[1169, 337, 1170, 337, 1170, 336, 1170, 336]",
2025-09-26 10:15:23,Amazon,,"[1158, 451, 1158, 454, 1158, 451, 1159, 455]",
2025-09-26 10:15:23,Zepto,,"[1370, 349, 1357, 805, 1824, 869, 1956, 392]",
2025-09-26 10:15:24,Amazon,,"[1134, 339, 1134, 339, 1134, 339, 1134, 339]",
2025-09-26 10:15:24,Zepto,,"[1313, 352, 1333, 802, 1773, 874, 1932, 375]",
2025-09-26 10:15:24,Zepto,,"[1296, 377, 1281, 824, 1747, 892, 1866, 409]",
2025-09-26 10:15:24,Amazon,,"[1390, 652, 1400, 656, 1399, 655, 1401, 656]",
2025-09-26 10:15:24,Zepto,,"[1272, 411, 1267, 854, 1731, 924, 1851, 441]",
2025-09-26 10:15:25,Amazon,,"[1049, 299, 1049, 300, 1049, 299, 1049, 300]",
2025-09-26 10:15:25,Zepto,,"[1261, 431, 1241, 874, 1726, 945, 1806, 465]",
2025-09-26 10:15:25,Amazon,blue,"[1027, 463, 1038, 473, 1029, 464, 983, 374]","(1284, 417, 187, 32)"
2025-09-26 10:15:25,Zepto,blue,"[1225, 436, 1240, 875, 1696, 942, 1806, 463]","(1284, 418, 191, 42)"
2025-09-26 10:15:25,Amazon,,"[1032, 319, 1032, 319, 1032, 320, 1032, 319]",
2025-09-26 10:15:26,Amazon,blue,"[1117, 655, 1126, 678, 1122, 670, 1106, 641]","(1164, 576, 289, 376)"
2025-09-26 10:15:26,Amazon,,"[640, 713, 644, 722, 635, 709, 641, 727]",
2025-09-26 10:15:26,Amazon,,"[622, 502, 611, 540, 604, 418, 975, 709]",
2025-09-26 10:15:26,Amazon,,"[901, 1038, 895, 1043, 928, 1038, 910, 1040]",
2025-09-26 10:15:26,Amazon,,"[959, 1423, 1008, 1186, 986, 1026, 1000, 1057]",
2025-09-26 10:15:27,Amazon,,"[1717, 894, 1704, 906, 1714, 893, 1714, 891]",
2025-09-26 10:15:27,Amazon,blue,"[1000, 845, 985, 843, 984, 843, 985, 843]","(1423, 183, 156, 85)"
2025-09-26 10:15:27,Amazon,blue,"[1004, 512, 999, 638, 1446, 681, 1458, 540]","(1048, 685, 316, 70)"
2025-09-26 10:15:27,Amazon,blue,"[1004, 490, 1004, 616, 1452, 649, 1460, 508]","(1034, 663, 372, 84)"
2025-09-26 10:15:27,Amazon,blue,"[1010, 477, 1009, 603, 1456, 637, 1464, 496]","(1026, 650, 386, 93)"
2025-09-26 10:15:28,Amazon,blue,"[997, 467, 995, 593, 1435, 628, 1445, 488]","(998, 636, 413, 104)"
2025-09-26 10:15:28,Amazon,blue,"[993, 462, 993, 588, 1428, 617, 1441, 477]","(1028, 633, 348, 94)"
2025-09-26 10:15:28,Amazon,blue,"[984, 458, 988, 582, 1414, 611, 1433, 475]","(1000, 624, 382, 99)"
2025-09-26 10:15:28,Amazon,blue,"[974, 451, 977, 573, 1399, 597, 1412, 463]","(990, 612, 359, 95)"
2025-09-26 10:15:28,Amazon,blue,"[965, 428, 966, 550, 1387, 571, 1395, 435]","(958, 585, 383, 97)"
2025-09-26 10:15:29,Amazon,blue,"[966, 425, 966, 547, 1387, 568, 1392, 433]","(968, 584, 385, 86)"
2025-09-26 10:15:29,Amazon,blue,"[977, 463, 981, 586, 1405, 610, 1414, 472]","(1086, 328, 301, 102)"
2025-09-26 10:15:29,Amazon,,"[1205, 850, 1201, 845, 1199, 842, 1201, 846]",
2025-09-26 10:15:29,Adidas,,"[995, 1287, 761, 1027, 871, 1047, 770, 927]",
2025-09-26 10:15:29,Adidas,,"[1446, 646, 953, 556, 992, 647, 882, 564]",
2025-09-26 10:15:30,Amazon,,"[981, 970, 1150, 983, 1155, 984, 1150, 983]",
